<?xml version="1" encoding="UTF-8"?>
<!DOCTYPE manifest PUBLIC "-//MECA//DTD Manifest v1.0//en" "MECA_manifest.dtd">
<manifest manifest-version="2.0" xmlns="https://www.manuscriptexchange.org/schema/manifest" xmlns:xlink="http://www.w3.org/1999/xlink">
  <item item-type="article-metadata">
    <instance media-type="text/xml" xlink:href="notebooks/visualization-figure-creation-seaborn.xml"/>
  </item>
  <item item-type="manuscript">
    <instance media-type="application/pdf" xlink:href="index.pdf"/>
  </item>
  <item item-type="manuscript">
    <instance media-type="application/vnd.openxmlformats-officedocument.wordprocessingml.document" xlink:href="index.docx"/>
  </item>
  <item item-type="manuscript_reference">
    <instance media-type="image/png" xlink:href="notebooks/visualization-figure-creation-seaborn_files/figure-html/cell-9-output-1.png"/>
  </item>
  <item item-type="manuscript_reference">
    <instance media-type="image/png" xlink:href="notebooks/visualization-figure-creation-seaborn_files/figure-html/cell-14-output-1.png"/>
  </item>
  <item item-type="manuscript_reference">
    <instance media-type="image/png" xlink:href="notebooks/visualization-figure-creation-seaborn_files/figure-html/cell-13-output-1.png"/>
  </item>
  <item item-type="manuscript_reference">
    <instance media-type="image/png" xlink:href="notebooks/visualization-figure-creation-seaborn_files/figure-html/cell-12-output-1.png"/>
  </item>
  <item item-type="manuscript_reference">
    <instance media-type="image/png" xlink:href="notebooks/visualization-figure-creation-seaborn_files/figure-html/cell-10-output-1.png"/>
  </item>
  <item item-type="manuscript_reference">
    <instance media-type="image/png" xlink:href="notebooks/visualization-figure-creation-seaborn_files/figure-html/cell-11-output-1.png"/>
  </item>
  <item item-type="manuscript_reference">
    <instance media-type="image/png" xlink:href="notebooks/visualization-figure-creation-seaborn_files/figure-html/fig-timeline-output-1.png"/>
  </item>
  <item item-type="manuscript_reference">
    <instance media-type="text/css" xlink:href="notebooks/visualization-figure-creation-seaborn_files/libs/bootstrap/bootstrap.min.css"/>
  </item>
  <item item-type="manuscript_reference">
    <instance media-type="text/css" xlink:href="notebooks/visualization-figure-creation-seaborn_files/libs/bootstrap/bootstrap-icons.css"/>
  </item>
  <item item-type="manuscript_reference">
    <instance media-type="application/javascript" xlink:href="notebooks/visualization-figure-creation-seaborn_files/libs/bootstrap/bootstrap.min.js"/>
  </item>
  <item item-type="manuscript_reference">
    <instance media-type="application/font-woff" xlink:href="notebooks/visualization-figure-creation-seaborn_files/libs/bootstrap/bootstrap-icons.woff"/>
  </item>
  <item item-type="manuscript_reference">
    <instance media-type="application/javascript" xlink:href="notebooks/visualization-figure-creation-seaborn_files/libs/quarto-html/quarto.js"/>
  </item>
  <item item-type="manuscript_reference">
    <instance media-type="text/css" xlink:href="notebooks/visualization-figure-creation-seaborn_files/libs/quarto-html/quarto-syntax-highlighting.css"/>
  </item>
  <item item-type="manuscript_reference">
    <instance media-type="text/css" xlink:href="notebooks/visualization-figure-creation-seaborn_files/libs/quarto-html/tippy.css"/>
  </item>
  <item item-type="manuscript_reference">
    <instance media-type="application/javascript" xlink:href="notebooks/visualization-figure-creation-seaborn_files/libs/quarto-html/tippy.umd.min.js"/>
  </item>
  <item item-type="manuscript_reference">
    <instance media-type="application/javascript" xlink:href="notebooks/visualization-figure-creation-seaborn_files/libs/quarto-html/anchor.min.js"/>
  </item>
  <item item-type="manuscript_reference">
    <instance media-type="application/javascript" xlink:href="notebooks/visualization-figure-creation-seaborn_files/libs/quarto-html/popper.min.js"/>
  </item>
  <item item-type="manuscript_reference">
    <instance media-type="application/javascript" xlink:href="notebooks/visualization-figure-creation-seaborn_files/libs/clipboard/clipboard.min.js"/>
  </item>
  <item item-type="manuscript_reference">
    <instance media-type="image/png" xlink:href="notebooks/visualization-figure-creation-seaborn_files/figure-jats/cell-9-output-1.png"/>
  </item>
  <item item-type="manuscript_reference">
    <instance media-type="image/png" xlink:href="notebooks/visualization-figure-creation-seaborn_files/figure-jats/cell-14-output-1.png"/>
  </item>
  <item item-type="manuscript_reference">
    <instance media-type="image/png" xlink:href="notebooks/visualization-figure-creation-seaborn_files/figure-jats/cell-13-output-1.png"/>
  </item>
  <item item-type="manuscript_reference">
    <instance media-type="image/png" xlink:href="notebooks/visualization-figure-creation-seaborn_files/figure-jats/cell-12-output-1.png"/>
  </item>
  <item item-type="manuscript_reference">
    <instance media-type="image/png" xlink:href="notebooks/visualization-figure-creation-seaborn_files/figure-jats/cell-10-output-1.png"/>
  </item>
  <item item-type="manuscript_reference">
    <instance media-type="image/png" xlink:href="notebooks/visualization-figure-creation-seaborn_files/figure-jats/cell-11-output-1.png"/>
  </item>
  <item item-type="manuscript_reference">
    <instance media-type="image/png" xlink:href="notebooks/visualization-figure-creation-seaborn_files/figure-jats/fig-timeline-output-1.png"/>
  </item>
  <item item-type="manuscript_resource">
    <instance media-type="undefined" xlink:href="notebooks/visualization-figure-creation-seaborn.ipynb"/>
  </item>
  <item item-type="manuscript_resource">
    <instance media-type="undefined" xlink:href="notebooks/data-screening.ipynb"/>
  </item>
</manifest>