<sub-article article-type="notebook">
<front-stub>
<title-group>
<article-title>Visualization &amp; Figure Creation</article-title>
</title-group>
<contrib-group>
<contrib contrib-type="author">
<contrib-id contrib-id-type="orcid">0000-0002-0760-5497</contrib-id>
<name>
<surname>Purves</surname>
<given-names>Steve</given-names>
</name>
<string-name>Steve Purves</string-name>
</contrib>
</contrib-group>
</front-stub>

<body>
<sec id="main-timeline-figure">
  <title>Main Timeline Figure</title>
</sec>
<sec id="visualising-long-term-earthquake-data">
  <title>Visualising Long term earthquake data</title>
  <p>Data taken directly from the IGN Catalog and processed using the
  <ext-link ext-link-type="uri" xlink:href="data-screening.ipynb">data
  screening notebook</ext-link>.</p>
  <sec id="f48a68e0" specific-use="notebook-code">
  <sec id="f48a68e0-output-0" specific-use="notebook-output">
  <table-wrap>
    <table border="1">
      <thead>
        <tr style="text-align: right;">
          <th></th>
          <th>Event</th>
          <th>Date</th>
          <th>Time</th>
          <th>Latitude</th>
          <th>Longitude</th>
          <th>Depth(km)</th>
          <th>Intensity</th>
          <th>Magnitude</th>
          <th>Type Mag</th>
          <th>Location</th>
          <th>DateTime</th>
          <th>Timestamp</th>
          <th>Swarm</th>
          <th>Phase</th>
          <th>Depth</th>
          <th>Mag</th>
        </tr>
      </thead>
      <tbody>
        <tr>
          <td>0</td>
          <td>es2017eugju</td>
          <td>2017-03-09</td>
          <td>23:44:06</td>
          <td>28.5346</td>
          <td>-17.8349</td>
          <td>26.0</td>
          <td></td>
          <td>1.6</td>
          <td>4</td>
          <td>NE FUENCALIENTE DE LA PALMA.IL</td>
          <td>2017-03-09 23:44:06</td>
          <td>1489103046000000000</td>
          <td>0.0</td>
          <td>0</td>
          <td>Interchange (18km&gt;x&gt;28km)</td>
          <td>1</td>
        </tr>
        <tr>
          <td>1</td>
          <td>es2017euhlh</td>
          <td>2017-03-10</td>
          <td>00:16:10</td>
          <td>28.5491</td>
          <td>-17.8459</td>
          <td>27.0</td>
          <td></td>
          <td>2.0</td>
          <td>4</td>
          <td>N FUENCALIENTE DE LA PALMA.ILP</td>
          <td>2017-03-10 00:16:10</td>
          <td>1489104970000000000</td>
          <td>0.0</td>
          <td>0</td>
          <td>Interchange (18km&gt;x&gt;28km)</td>
          <td>2</td>
        </tr>
        <tr>
          <td>2</td>
          <td>es2017cpaoh</td>
          <td>2017-03-10</td>
          <td>00:16:11</td>
          <td>28.5008</td>
          <td>-17.8863</td>
          <td>20.0</td>
          <td></td>
          <td>2.1</td>
          <td>4</td>
          <td>W LOS CANARIOS.ILP</td>
          <td>2017-03-10 00:16:11</td>
          <td>1489104971000000000</td>
          <td>0.0</td>
          <td>0</td>
          <td>Interchange (18km&gt;x&gt;28km)</td>
          <td>2</td>
        </tr>
        <tr>
          <td>3</td>
          <td>es2017eunnk</td>
          <td>2017-03-10</td>
          <td>03:20:26</td>
          <td>28.5204</td>
          <td>-17.8657</td>
          <td>30.0</td>
          <td></td>
          <td>1.6</td>
          <td>4</td>
          <td>NW FUENCALIENTE DE LA PALMA.IL</td>
          <td>2017-03-10 03:20:26</td>
          <td>1489116026000000000</td>
          <td>0.0</td>
          <td>0</td>
          <td>Deep (&gt;28km)</td>
          <td>1</td>
        </tr>
        <tr>
          <td>4</td>
          <td>es2017kajei</td>
          <td>2017-08-21</td>
          <td>02:06:55</td>
          <td>28.5985</td>
          <td>-17.7156</td>
          <td>0.0</td>
          <td></td>
          <td>1.6</td>
          <td>4</td>
          <td>E EL PUEBLO.ILP</td>
          <td>2017-08-21 02:06:55</td>
          <td>1503281215000000000</td>
          <td>0.0</td>
          <td>0</td>
          <td>Shallow (&lt;18km)</td>
          <td>1</td>
        </tr>
      </tbody>
    </table>
  </table-wrap>
  </sec>
  </sec>
  <sec id="cell-59c54f01" specific-use="notebook-code">
  <sec id="59c54f01-output-0" specific-use="notebook-output">
  <preformat>0       2017-03-09 23:44:06
1       2017-03-10 00:16:10
2       2017-03-10 00:16:11
3       2017-03-10 03:20:26
4       2017-08-21 02:06:55
                ...        
11342   2022-09-14 00:20:51
11343   2022-09-14 01:40:30
11344   2022-09-14 01:44:52
11345   2022-09-14 02:03:08
11346   2022-09-14 03:58:59
Name: DateTime, Length: 11347, dtype: datetime64[ns]</preformat>
  </sec>
  </sec>
  <sec id="cell-fig-timeline" specific-use="notebook-code">
  <sec id="cell-fig-timeline-output-0" specific-use="notebook-output">
  <fig id="fig-timeline">
    <caption><p>Figure 1: Earthquake data over time (n=5465) to
    understand their distributions spatially, by depth, by magnitude and
    in time.</p></caption>
    <graphic mimetype="image" mime-subtype="png" xlink:href="visualization-figure-creation-seaborn_files/figure-jats/fig-timeline-output-1.png" />
  </fig>
  </sec>
  </sec>
</sec>
<sec id="cumulative-distrubtion-plots">
  <title>Cumulative Distrubtion Plots</title>
  <sec id="cell-9fc0146a" specific-use="notebook-code">
  <sec id="9fc0146a-output-0" specific-use="notebook-output">
  <graphic mimetype="image" mime-subtype="png" xlink:href="visualization-figure-creation-seaborn_files/figure-jats/cell-9-output-1.png" />
  </sec>
  </sec>
  <sec id="b1fc42cc" specific-use="notebook-code">
  <sec id="b1fc42cc-output-0" specific-use="notebook-output">
  <graphic mimetype="image" mime-subtype="png" xlink:href="visualization-figure-creation-seaborn_files/figure-jats/cell-10-output-1.png" />
  </sec>
  </sec>
  <sec id="cell-19e275d7" specific-use="notebook-code">
  <sec id="19e275d7-output-0" specific-use="notebook-output">
  <graphic mimetype="image" mime-subtype="png" xlink:href="visualization-figure-creation-seaborn_files/figure-jats/cell-11-output-1.png" />
  </sec>
  </sec>
  <sec id="cell-4bcecbd4" specific-use="notebook-code">
  <sec id="4bcecbd4-output-0" specific-use="notebook-output">
  <graphic mimetype="image" mime-subtype="png" xlink:href="visualization-figure-creation-seaborn_files/figure-jats/cell-12-output-1.png" />
  </sec>
  </sec>
  <sec id="cell-012f5878" specific-use="notebook-code">
  <sec id="012f5878-output-0" specific-use="notebook-output">
  <graphic mimetype="image" mime-subtype="png" xlink:href="visualization-figure-creation-seaborn_files/figure-jats/cell-13-output-1.png" />
  </sec>
  </sec>
  <sec id="cell-32e0996c" specific-use="notebook-code">
  <sec id="32e0996c-output-0" specific-use="notebook-output">
  <graphic mimetype="image" mime-subtype="png" xlink:href="visualization-figure-creation-seaborn_files/figure-jats/cell-14-output-1.png" />
  </sec>
  </sec>
</sec>
</body>



<back>
</back>


</sub-article>